Altium Designer Pick and Place Locations
C:\Users\habd\AppData\Local\TempReleases\Snapshot\1\Sources\Fabrication\Pick Place\UBXH60-0001194_Rev C.csv

========================================================================================================================
File Design Information:

Date:       09-04-25
Time:       07:47
Revision:   Not in VersionControl
Variant:    No variations
Units used: mm

"Designator","Comment","Layer","Footprint","Center-X(mm)","Center-Y(mm)","Rotation","Description"
"R225","UBXH18-0003001","TopLayer","RES_0603_1700Lx950Wx600H_600x1000Pad_800G_FLX","36.3920","21.2215","0","RES THICK FILM CHIP 0603 0R 0 100mW"
"R224","UBXH18-0000005","TopLayer","RES_0402_HD","87.6046","58.5419","90","RES THICK FILM CHIP 0402 100K 1% 63mW"
"R223","UBXH18-0000005","TopLayer","RES_0402_HD","79.9270","54.9688","180","RES THICK FILM CHIP 0402 100K 1% 63mW"
"R222","UBXH18-0000005","TopLayer","RES_0402_HD","82.2200","55.4900","90","RES THICK FILM CHIP 0402 100K 1% 63mW"
"R90","UBXH18-0003002","TopLayer","RES_0402_HD","25.5000","32.7282","0","RES THICK FILM CHIP 0402 0R 0 100mW"
"R221","UBXH18-0003002","TopLayer","RES_0402_HD","46.0481","16.8962","90","RES THICK FILM CHIP 0402 0R 0 100mW"
"R161","UBXH18-0003002","TopLayer","RES_0402_HD","46.4440","16.4962","0","RES THICK FILM CHIP 0402 0R 0 100mW"
"R160","UBXH18-0003002","TopLayer","RES_0402_HD","46.4440","15.6648","0","RES THICK FILM CHIP 0402 0R 0 100mW"
"R218","UBXH18-0003002","TopLayer","RES_0402_HD","46.0300","15.2700","90","RES THICK FILM CHIP 0402 0R 0 100mW"
"R217","UBXH18-0003002","TopLayer","RES_0402_HD","38.7901","19.4404","270","RES THICK FILM CHIP 0402 0R 0 100mW"
"R216","UBXH18-0003002","TopLayer","RES_0402_HD","61.7188","13.8300","270","RES THICK FILM CHIP 0402 0R 0 100mW"
"R215","UBXH18-0003002","TopLayer","RES_0402_HD","61.3052","13.4300","0","RES THICK FILM CHIP 0402 0R 0 100mW"
"R214","UBXH18-0003002","TopLayer","RES_0402_HD","61.3052","12.5972","0","RES THICK FILM CHIP 0402 0R 0 100mW"
"R213","UBXH18-0003002","TopLayer","RES_0402_HD","61.6697","12.1972","90","RES THICK FILM CHIP 0402 0R 0 100mW"
"R212","UBXH18-0003002","TopLayer","RES_0402_HD","36.9300","33.6550","180","RES THICK FILM CHIP 0402 0R 0 100mW"
"R211","UBXH18-0003002","TopLayer","RES_0402_HD","37.6379","34.5826","180","RES THICK FILM CHIP 0402 0R 0 100mW"
"R210","UBXH18-0003002","TopLayer","RES_0402_HD","36.9300","31.8052","180","RES THICK FILM CHIP 0402 0R 0 100mW"
"R209","UBXH18-0003002","TopLayer","RES_0402_HD","36.9300","32.7301","180","RES THICK FILM CHIP 0402 0R 0 100mW"
"R208","UBXH18-0008029","TopLayer","RES_0402_1100Lx600Wx400H_500x600Pad_400G_FLX","57.0917","28.0556","180","RES THICK FILM CHIP 0402 150R 5% 63mW"
"R207","UBXH18-0008029","TopLayer","RES_0402_1100Lx600Wx400H_500x600Pad_400G_FLX","57.0917","26.7662","0","RES THICK FILM CHIP 0402 150R 5% 63mW"
"R204","UBXH18-0003002","TopLayer","RES_0402_HD","32.6400","44.5700","90","RES THICK FILM CHIP 0402 0R 0 100mW"
"R203","UBXH18-0003002","TopLayer","RES_0402_HD","63.2700","30.7400","270","RES THICK FILM CHIP 0402 0R 0 100mW"
"C13","UBXH01-0000310","TopLayer","CAP_0603_1750Lx950Wx850H_600x1000Pad_900G_FLX","72.7710","14.6010","180","CAP CER X7R 0603 10U 20% 10V"
"C10","UBXH01-0000310","TopLayer","CAP_0603_1750Lx950Wx850H_600x1000Pad_900G_FLX","70.3563","13.7262","0","CAP CER X7R 0603 10U 20% 10V"
"R201","UBXH18-0003002","TopLayer","RES_0402_HD","74.3012","16.1370","90","RES THICK FILM CHIP 0402 0R 0 100mW"
"R199","UBXH18-0003001","TopLayer","RES_0603_1700Lx950Wx600H_600x1000Pad_800G_FLX","36.7712","38.1153","180","RES THICK FILM CHIP 0603 0R 0 100mW"
"R198","UBXH18-0000005","TopLayer","RES_0402_HD","63.1745","59.4500","270","RES THICK FILM CHIP 0402 100K 1% 63mW"
"R197","UBXH18-0003002","TopLayer","RES_0402_HD","45.6901","52.9844","270","RES THICK FILM CHIP 0402 0R 0 100mW"
"R192","UBXH18-0003002","TopLayer","RES_0402_HD","32.2261","44.1538","180","RES THICK FILM CHIP 0402 0R 0 100mW"
"R191","UBXH18-0003002","TopLayer","RES_0402_HD","62.8670","31.1456","180","RES THICK FILM CHIP 0402 0R 0 100mW"
"R190","UBXH18-0003002","TopLayer","RES_0402_HD","62.9666","38.3032","90","RES THICK FILM CHIP 0402 0R 0 100mW"
"R196","UBXH18-0003002","TopLayer","RES_0402_HD","60.0710","13.8748","90","RES THICK FILM CHIP 0402 0R 0 100mW"
"R195","UBXH18-0003002","TopLayer","RES_0402_HD","60.0710","12.1920","270","RES THICK FILM CHIP 0402 0R 0 100mW"
"R194","UBXH18-0003002","TopLayer","RES_0402_HD","59.1312","22.7330","0","RES THICK FILM CHIP 0402 0R 0 100mW"
"R193","UBXH18-0003002","TopLayer","RES_0402_HD","57.4658","22.7245","180","RES THICK FILM CHIP 0402 0R 0 100mW"
"R92","UBXH18-0003002","TopLayer","RES_0402_HD","23.1394","39.5478","0","RES THICK FILM CHIP 0402 0R 0 100mW"
"Q1","140-00005","TopLayer","SOT-723","26.1865","21.5640","270","P-MOSFET, 20V, 100mA, SOT-723-3"
"R189","UBXH18-0003002","TopLayer","RES_0402_HD","67.1650","60.7830","270","RES THICK FILM CHIP 0402 0R 0 100mW"
"R187","UBXH18-0003002","TopLayer","RES_0402_HD","64.6250","57.7090","90","RES THICK FILM CHIP 0402 0R 0 100mW"
"R186","UBXH18-0003002","TopLayer","RES_0402_HD","68.4350","60.7830","90","RES THICK FILM CHIP 0402 0R 0 100mW"
"R184","UBXH18-0003002","TopLayer","RES_0402_HD","65.8950","57.7090","270","RES THICK FILM CHIP 0402 0R 0 100mW"
"R183","UBXH18-0003002","TopLayer","RES_0402_HD","67.1650","57.7090","270","RES THICK FILM CHIP 0402 0R 0 100mW"
"R181","UBXH18-0003002","TopLayer","RES_0402_HD","65.8870","60.7830","90","RES THICK FILM CHIP 0402 0R 0 100mW"
"C18","UBXH01-0000248","TopLayer","Cap_0402_HD","30.3320","22.3740","90","CAP CER X5R 0402 1U 10% 10V"
"D6","UBXH12-0000539","TopLayer","SOT-23-5_2","33.1011","21.2770","0","IDEAL DIODE OR CONTROLLER SOURCE SELECTOR SWITCH P-CHANNEL 1:1 SOT-23-5 5.5V 1A"
"D7","UBXH12-0000539","TopLayer","SOT-23-5_2","35.1600","24.7506","180","IDEAL DIODE OR CONTROLLER SOURCE SELECTOR SWITCH P-CHANNEL 1:1 SOT-23-5 5.5V 1A"
"R52","UBXH18-0003001","TopLayer","RES_0603_1700Lx950Wx600H_600x1000Pad_800G_FLX","45.8216","9.9568","270","RES THICK FILM CHIP 0603 0R 0 100mW"
"R51","UBXH18-0003001","TopLayer","RES_0603_1700Lx950Wx600H_600x1000Pad_800G_FLX","36.2712","11.2124","90","RES THICK FILM CHIP 0603 0R 0 100mW"
"R87","UBXH18-0000005","TopLayer","RES_0402_HD","29.1338","32.6136","90","RES THICK FILM CHIP 0402 100K 1% 63mW"
"Q4","UBXH20-0000036","TopLayer","SOT-23","31.3150","31.8180","180","N-CHANNEL 25V HEXFET SOT23 25V 5.8A"
"R88","UBXH18-0003002","TopLayer","RES_0402_HD","21.2404","31.1670","90","RES THICK FILM CHIP 0402 0R 0 100mW"
"R83","UBXH18-0003002","TopLayer","RES_0402_HD","22.8392","30.7522","180","RES THICK FILM CHIP 0402 0R 0 100mW"
"U9","UBXH10-0000108","TopLayer","DQE0008A","15.9850","31.2492","90","TXS0102 2-BIT BIDIRECTIONAL VOLTAGE-LEVEL TRANSLATOR X2SON-8 TXS0102DQE 5.5V"
"U10","UBXH10-0000108","TopLayer","DQE0008A","19.8200","31.2570","90","TXS0102 2-BIT BIDIRECTIONAL VOLTAGE-LEVEL TRANSLATOR X2SON-8 TXS0102DQE 5.5V"
"C40","120-00016","TopLayer","Cap_0402_HD","14.1638","30.7670","0","Cap, Ceramic 0.1uF 10V 10% X5R 0402"
"C38","120-00016","TopLayer","Cap_0402_HD","18.0594","30.4292","0","Cap, Ceramic 0.1uF 10V 10% X5R 0402"
"C39","120-00016","TopLayer","Cap_0402_HD","14.6812","32.4612","90","Cap, Ceramic 0.1uF 10V 10% X5R 0402"
"C41","120-00016","TopLayer","Cap_0402_HD","17.9254","31.7585","180","Cap, Ceramic 0.1uF 10V 10% X5R 0402"
"J11","130-00099","TopLayer","HDR.050P-10Pin-2x5-SMT_Key","22.4460","65.9090","0","Header 0.05" 10Pin 2Row SMD Black"
"R117","UBXH18-0003002","TopLayer","RES_0402_HD","61.0362","32.5120","180","RES THICK FILM CHIP 0402 0R 0 100mW"
"R100","UBXH18-0003002","TopLayer","RES_0402_HD","78.5197","44.3192","0","RES THICK FILM CHIP 0402 0R 0 100mW"
"R74","UBXH18-0003002","TopLayer","RES_0402_HD","88.5726","53.4360","0","RES THICK FILM CHIP 0402 0R 0 100mW"
"R69","UBXH18-0003002","TopLayer","RES_0402_HD","82.0928","56.7944","180","RES THICK FILM CHIP 0402 0R 0 100mW"
"R173","UBXH18-0003002","TopLayer","RES_0402_HD","74.3500","57.2689","0","RES THICK FILM CHIP 0402 0R 0 100mW"
"R171","UBXH18-0003002","TopLayer","RES_0402_HD","71.0946","58.9788","270","RES THICK FILM CHIP 0402 0R 0 100mW"
"R172","UBXH18-0003002","TopLayer","RES_0402_HD","73.5500","57.2689","180","RES THICK FILM CHIP 0402 0R 0 100mW"
"R168","UBXH18-0003002","TopLayer","RES_0402_HD","76.3833","57.1810","0","RES THICK FILM CHIP 0402 0R 0 100mW"
"R167","UBXH18-0003002","TopLayer","RES_0402_HD","71.0083","62.8260","270","RES THICK FILM CHIP 0402 0R 0 100mW"
"J7","","TopLayer","M208762042","94.5000","35.9400","270","Connector"
"J8","","TopLayer","M208762042","5.5000","35.9400","270","Connector"
"D20","110-00019","TopLayer","SOD-923","72.0344","60.4270","90","ESD9B3.3ST5G"
"D18","110-00019","TopLayer","SOD-923","72.0344","66.2940","90","ESD9B3.3ST5G"
"SWITCH_3","","TopLayer","PTS810SJG250SMTRLFS","75.1840","60.3760","180","Switch"
"SWITCH_1","","TopLayer","PTS810SJG250SMTRLFS","75.1840","66.2940","180","Switch"
"R47","UBXH18-0008029","TopLayer","RES_0402_1100Lx600Wx400H_500x600Pad_400G_FLX","60.0850","29.4738","180","RES THICK FILM CHIP 0402 150R 5% 63mW"
"R163","UBXH18-0003002","TopLayer","RES_0402_HD","57.9339","22.2977","270","RES THICK FILM CHIP 0402 0R 0 100mW"
"R162","UBXH18-0003002","TopLayer","RES_0402_HD","58.7467","22.2977","270","RES THICK FILM CHIP 0402 0R 0 100mW"
"J5","UBXH04-0000026","TopLayer","HDR-0.1P-2PIN-TH","49.6090","10.1600","90","1-ROW TH-PCB SOCKETS 100MIL GRID 2-PIN 0.64MM SQUARE POLARIZE"
"J4","UBXH04-0000791","TopLayer","B2B-PH-SM4-TB","49.4980","4.2090","180","CONN 1-ROW SMT 2.0MM GRID 2-PIN VERT 100V 2A"
"TP38","TP10R","BottomLayer","TP10R","56.1890","22.2310","90","Testpoint, Round 1.0mm Dia"
"R81","UBXH18-0003001","TopLayer","RES_0603_1700Lx950Wx600H_600x1000Pad_800G_FLX","55.3720","22.0584","90","RES THICK FILM CHIP 0603 0R 0 100mW"
"R38","UBXH18-0003001","TopLayer","RES_0603_1700Lx950Wx600H_600x1000Pad_800G_FLX","78.8162","9.8298","270","RES THICK FILM CHIP 0603 0R 0 100mW"
"D2","110-00005","TopLayer","SOD-123F_U","67.2900","14.2000","270","Diode, Schottky, 20V 1A SOD-123F, 340mV Vf @ 1A
MBR120VLSFT3G"
"TP126","TP10R","BottomLayer","TP12R","20.0500","7.4930","90","Testpoint, Round 1.0mm Dia"
"TP6","TP10R","BottomLayer","TP10R","46.0290","22.2310","90","Testpoint, Round 1.0mm Dia"
"TP2","TP10R","BottomLayer","TP12R","37.0840","7.4930","90","Testpoint, Round 1.0mm Dia"
"TP125","TP10R","BottomLayer","TP12R","21.8280","7.4930","90","Testpoint, Round 1.0mm Dia"
"TP7","TP10R","BottomLayer","TP12R","53.6490","22.2310","90","Testpoint, Round 1.0mm Dia"
"TP9","TP10R","BottomLayer","TP12R","48.5690","22.2310","90","Testpoint, Round 1.0mm Dia"
"TP3","TP10R","BottomLayer","TP10R","38.8620","7.4930","90","Testpoint, Round 1.0mm Dia"
"TP8","TP10R","BottomLayer","TP12R","51.1090","22.2310","90","Testpoint, Round 1.0mm Dia"
"D5","UBXH12-0000539","TopLayer","SOT-23-5_2","41.6863","11.2122","0","IDEAL DIODE OR CONTROLLER SOURCE SELECTOR SWITCH P-CHANNEL 1:1 SOT-23-5 5.5V 1A"
"C11","UBXH01-0000248","TopLayer","Cap_0402_HD","39.0901","11.7812","270","CAP CER X5R 0402 1U 10% 10V"
"C9","UBXH01-0000248","TopLayer","Cap_0402_HD","44.2214","11.7602","270","CAP CER X5R 0402 1U 10% 10V"
"R166","UBXH18-0003002","TopLayer","RES_0402_HD","19.9450","44.4590","0","RES THICK FILM CHIP 0402 0R 0 100mW"
"R165","UBXH18-0003002","TopLayer","RES_0402_HD","17.5514","44.4590","180","RES THICK FILM CHIP 0402 0R 0 100mW"
"R164","UBXH18-0003002","TopLayer","RES_0402_HD","14.9114","44.4590","0","RES THICK FILM CHIP 0402 0R 0 100mW"
"R91","UBXH18-0003002","TopLayer","RES_0402_HD","25.5000","33.7251","0","RES THICK FILM CHIP 0402 0R 0 100mW"
"R89","UBXH18-0003002","TopLayer","RES_0402_HD","25.5000","31.6321","180","RES THICK FILM CHIP 0402 0R 0 100mW"
"R175","UBXH18-0007081","TopLayer","RES_0603_1700Lx950Wx600H_600x1000Pad_800G_FLX","30.0503","54.8810","0","RES THICK FILM CHIP 0603 2K2 5% 100mW"
"R174","UBXH18-0007081","TopLayer","RES_0603_1700Lx950Wx600H_600x1000Pad_800G_FLX","32.5090","54.8810","180","RES THICK FILM CHIP 0603 2K2 5% 100mW"
"R56","UBXH18-0003002","TopLayer","RES_0402_HD","11.3200","62.1793","0","RES THICK FILM CHIP 0402 0R 0 100mW"
"R55","UBXH18-0003002","TopLayer","RES_0402_HD","17.4295","65.6090","270","RES THICK FILM CHIP 0402 0R 0 100mW"
"R95","UBXH18-0003002","TopLayer","RES_0402_HD","67.5387","44.5972","180","RES THICK FILM CHIP 0402 0R 0 100mW"
"J16","","TopLayer","Harwin_0_MFG","38.1130","50.2978","270",""
"J15","","TopLayer","Harwin_0_MFG","8.5165","6.0664","90",""
"S1","","TopLayer","2182LPSTJ","49.9430","37.0390","0","Switch"
"C65","120-00016","TopLayer","Cap_0402_HD","32.0550","58.6630","180","Cap, Ceramic 0.1uF 10V 10% X5R 0402"
"C64","120-00016","TopLayer","Cap_0402_HD","32.0290","59.5720","180","Cap, Ceramic 0.1uF 10V 10% X5R 0402"
"U16","UBXH10-0000108","TopLayer","DQE0008A","33.7170","59.1460","90","TXS0102 2-BIT BIDIRECTIONAL VOLTAGE-LEVEL TRANSLATOR X2SON-8 TXS0102DQE 5.5V"
"R188","UBXH18-0003002","TopLayer","RES_0402_HD","28.7859","57.8410","0","RES THICK FILM CHIP 0402 0R 0 100mW"
"R185","UBXH18-0003002","TopLayer","RES_0402_HD","30.5701","57.8410","0","RES THICK FILM CHIP 0402 0R 0 100mW"
"R180","UBXH18-0003002","TopLayer","RES_0402_HD","35.4670","59.6000","0","RES THICK FILM CHIP 0402 0R 0 100mW"
"R16","UBXH18-0003002","TopLayer","RES_0402_HD","40.7460","55.4376","0","RES THICK FILM CHIP 0402 0R 0 100mW"
"R3","UBXH18-0003002","TopLayer","RES_0402_HD","53.8950","52.5311","180","RES THICK FILM CHIP 0402 0R 0 100mW"
"R22","UBXH18-0003002","TopLayer","RES_0402_HD","60.8940","62.0356","0","RES THICK FILM CHIP 0402 0R 0 100mW"
"R18","UBXH18-0003002","TopLayer","RES_0402_HD","62.1180","53.4616","0","RES THICK FILM CHIP 0402 0R 0 100mW"
"R13","UBXH18-0003002","TopLayer","RES_0402_1100Lx600Wx400H_500x600Pad_400G_FLX","62.0730","54.3986","0","RES THICK FILM CHIP 0402 0R 0 100mW"
"R12","UBXH18-0003002","TopLayer","RES_0402_1100Lx600Wx400H_500x600Pad_400G_FLX","58.2572","50.4706","0","RES THICK FILM CHIP 0402 0R 0 100mW"
"R9","UBXH18-0003002","TopLayer","RES_0402_HD","58.2472","54.1816","180","RES THICK FILM CHIP 0402 0R 0 100mW"
"R8","UBXH18-0003002","TopLayer","RES_0402_HD","58.2572","55.9676","180","RES THICK FILM CHIP 0402 0R 0 100mW"
"R7","UBXH18-0003002","TopLayer","RES_0402_HD","62.0670","57.1626","180","RES THICK FILM CHIP 0402 0R 0 100mW"
"R5","UBXH18-0003002","TopLayer","RES_0402_HD","58.2562","55.0706","180","RES THICK FILM CHIP 0402 0R 0 100mW"
"R4","UBXH18-0003002","TopLayer","RES_0402_HD","62.0670","56.2526","180","RES THICK FILM CHIP 0402 0R 0 100mW"
"R17","UBXH18-0003002","TopLayer","RES_0402_HD","40.7460","58.5040","0","RES THICK FILM CHIP 0402 0R 0 100mW"
"R24","UBXH18-0003002","TopLayer","RES_0402_HD","38.4430","61.6020","0","RES THICK FILM CHIP 0402 0R 0 100mW"
"R23","UBXH18-0003002","TopLayer","RES_0402_HD","40.7460","59.5260","0","RES THICK FILM CHIP 0402 0R 0 100mW"
"R11","UBXH18-0003002","TopLayer","RES_0402_HD","40.7460","57.4680","0","RES THICK FILM CHIP 0402 0R 0 100mW"
"R10","UBXH18-0003002","TopLayer","RES_0402_HD","40.7460","56.4600","0","RES THICK FILM CHIP 0402 0R 0 100mW"
"S2","","TopLayer","2188LPSTJ","49.9364","44.3561","0","Switch"
"R135","UBXH18-0003002","TopLayer","RES_0402_HD","28.4360","44.1396","180","RES THICK FILM CHIP 0402 0R 0 100mW"
"R133","UBXH18-0003002","TopLayer","RES_0402_HD","33.7354","45.2051","90","RES THICK FILM CHIP 0402 0R 0 100mW"
"R131","UBXH18-0003002","TopLayer","RES_0402_HD","34.8296","45.2051","90","RES THICK FILM CHIP 0402 0R 0 100mW"
"R129","UBXH18-0003002","TopLayer","RES_0402_HD","35.9238","45.2051","90","RES THICK FILM CHIP 0402 0R 0 100mW"
"R127","UBXH18-0003002","TopLayer","RES_0402_HD","37.0180","45.2051","90","RES THICK FILM CHIP 0402 0R 0 100mW"
"R125","UBXH18-0003002","TopLayer","RES_0402_HD","15.9867","65.6090","270","RES THICK FILM CHIP 0402 0R 0 100mW"
"R123","UBXH18-0003002","TopLayer","RES_0402_HD","38.1122","45.2051","90","RES THICK FILM CHIP 0402 0R 0 100mW"
"R121","UBXH18-0003002","TopLayer","RES_0402_HD","39.2064","45.2051","90","RES THICK FILM CHIP 0402 0R 0 100mW"
"R119","UBXH18-0003002","TopLayer","RES_0402_HD","10.9470","63.0866","0","RES THICK FILM CHIP 0402 0R 0 100mW"
"R115","UBXH18-0003002","TopLayer","RES_0402_HD","64.4107","47.1136","90","RES THICK FILM CHIP 0402 0R 0 100mW"
"R113","UBXH18-0003002","TopLayer","RES_0402_HD","63.4315","47.1136","90","RES THICK FILM CHIP 0402 0R 0 100mW"
"R111","UBXH18-0003002","TopLayer","RES_0402_HD","60.2940","47.1136","90","RES THICK FILM CHIP 0402 0R 0 100mW"
"R109","UBXH18-0003002","TopLayer","RES_0402_HD","61.2732","47.1136","90","RES THICK FILM CHIP 0402 0R 0 100mW"
"R105","UBXH18-0003002","TopLayer","RES_0402_HD","59.1735","49.5710","180","RES THICK FILM CHIP 0402 0R 0 100mW"
"R103","UBXH18-0003002","TopLayer","RES_0402_HD","62.2523","47.1136","90","RES THICK FILM CHIP 0402 0R 0 100mW"
"R96","UBXH18-0003002","TopLayer","RES_0402_HD","65.3898","47.1136","90","RES THICK FILM CHIP 0402 0R 0 100mW"
"R94","UBXH18-0003002","TopLayer","RES_0402_HD","66.3690","47.1136","90","RES THICK FILM CHIP 0402 0R 0 100mW"
"R93","UBXH18-0008029","TopLayer","RES_0402_1100Lx600Wx400H_500x600Pad_400G_FLX","57.1300","29.3700","180","RES THICK FILM CHIP 0402 150R 5% 63mW"
"R146","UBXH18-0003002","TopLayer","RES_0402_HD","56.5116","32.6189","0","RES THICK FILM CHIP 0402 0R 0 100mW"
"R145","UBXH18-0003002","TopLayer","RES_0402_HD","56.7170","33.4650","0","RES THICK FILM CHIP 0402 0R 0 100mW"
"R144","UBXH18-0003002","TopLayer","RES_0402_HD","54.3810","44.3561","90","RES THICK FILM CHIP 0402 0R 0 100mW"
"R143","UBXH18-0003002","TopLayer","RES_0402_HD","53.1110","44.3561","90","RES THICK FILM CHIP 0402 0R 0 100mW"
"U12","UBXH10-0000036","TopLayer","TSOP0.65P6.40X1.20-20Pin","67.6184","34.1590","0","TXS0108 8-BIT BIDIRECTIONAL VOLTAGE-LEVEL TRANSLATOR"
"C47","120-00016","TopLayer","Cap_0402_HD","62.4883","43.3583","270","Cap, Ceramic 0.1uF 10V 10% X5R 0402"
"C46","120-00016","TopLayer","Cap_0402_HD","63.2861","36.0451","270","Cap, Ceramic 0.1uF 10V 10% X5R 0402"
"C45","120-00016","TopLayer","Cap_0402_HD","32.9611","36.7110","0","Cap, Ceramic 0.1uF 10V 10% X5R 0402"
"C44","120-00016","TopLayer","Cap_0402_HD","71.9223","44.2323","90","Cap, Ceramic 0.1uF 10V 10% X5R 0402"
"C43","120-00016","TopLayer","Cap_0402_HD","72.0510","36.8626","90","Cap, Ceramic 0.1uF 10V 10% X5R 0402"
"C42","120-00016","TopLayer","Cap_0402_HD","23.7160","36.7088","180","Cap, Ceramic 0.1uF 10V 10% X5R 0402"
"U13","UBXH10-0000036","TopLayer","TSOP0.65P6.40X1.20-20Pin","28.4365","38.9856","180","TXS0108 8-BIT BIDIRECTIONAL VOLTAGE-LEVEL TRANSLATOR"
"U11","UBXH10-0000036","TopLayer","TSOP0.65P6.40X1.20-20Pin","67.5833","41.5533","0","TXS0108 8-BIT BIDIRECTIONAL VOLTAGE-LEVEL TRANSLATOR"
"X2","UBXH21-0000240","TopLayer","XTAL_1612","42.9230","23.4210","90","CRYSTAL 32MHZ CL=8PF 1.6X1.2 MM 32.000MHZ +/-10PPM@25C+/-20PPM@-40/+85+/-1PPMAGEING"
"U8","UBXH12-0000420","TopLayer","nRF5340_AQFN94","49.1230","27.7760","180","BT5/802.15.4 SOC NORDIC NRF5340 2.4GHZ"
"SW2","UBXH19-0000050","TopLayer","SW_Slide_DPDT_JS202011SCQN","40.8940","4.9530","90","2 WAY ON-ON SUB-MINIATURE SLIDE SWITCH SMD JS SERIES"
"R136","UBXH18-0003002","TopLayer","RES_0402_HD","28.4360","43.0341","0","RES THICK FILM CHIP 0402 0R 0 100mW"
"R134","UBXH18-0003002","TopLayer","RES_0402_HD","28.4360","41.9286","0","RES THICK FILM CHIP 0402 0R 0 100mW"
"R132","UBXH18-0003002","TopLayer","RES_0402_HD","28.4360","40.8231","0","RES THICK FILM CHIP 0402 0R 0 100mW"
"R130","UBXH18-0003002","TopLayer","RES_0402_HD","28.4360","39.7176","0","RES THICK FILM CHIP 0402 0R 0 100mW"
"R128","UBXH18-0003002","TopLayer","RES_0402_HD","28.4360","38.6121","0","RES THICK FILM CHIP 0402 0R 0 100mW"
"R126","UBXH18-0003002","TopLayer","RES_0402_HD","28.4360","37.5066","0","RES THICK FILM CHIP 0402 0R 0 100mW"
"R124","UBXH18-0003002","TopLayer","RES_0402_HD","28.4360","36.4011","0","RES THICK FILM CHIP 0402 0R 0 100mW"
"R122","UBXH18-0003002","TopLayer","RES_0402_HD","28.4360","35.2956","0","RES THICK FILM CHIP 0402 0R 0 100mW"
"R120","UBXH18-0003002","TopLayer","RES_0402_HD","66.2965","29.7760","90","RES THICK FILM CHIP 0402 0R 0 100mW"
"R118","UBXH18-0003002","TopLayer","RES_0402_HD","67.6181","31.1119","180","RES THICK FILM CHIP 0402 0R 0 100mW"
"R116","UBXH18-0003002","TopLayer","RES_0402_HD","67.6181","32.1162","180","RES THICK FILM CHIP 0402 0R 0 100mW"
"R114","UBXH18-0003002","TopLayer","RES_0402_HD","67.6181","33.1205","180","RES THICK FILM CHIP 0402 0R 0 100mW"
"R112","UBXH18-0003002","TopLayer","RES_0402_HD","67.6181","34.1248","180","RES THICK FILM CHIP 0402 0R 0 100mW"
"R110","UBXH18-0003002","TopLayer","RES_0402_HD","67.6181","35.1291","180","RES THICK FILM CHIP 0402 0R 0 100mW"
"R108","UBXH18-0003002","TopLayer","RES_0402_HD","67.6181","36.1333","180","RES THICK FILM CHIP 0402 0R 0 100mW"
"R107","UBXH18-0003002","TopLayer","RES_0402_HD","67.6181","37.1376","180","RES THICK FILM CHIP 0402 0R 0 100mW"
"R106","UBXH18-0003002","TopLayer","RES_0402_HD","62.6872","40.5892","90","RES THICK FILM CHIP 0402 0R 0 100mW"
"R104","UBXH18-0003002","TopLayer","RES_0402_HD","67.5835","38.7442","180","RES THICK FILM CHIP 0402 0R 0 100mW"
"R102","UBXH18-0003002","TopLayer","RES_0402_HD","67.5835","39.9186","180","RES THICK FILM CHIP 0402 0R 0 100mW"
"R101","UBXH18-0003002","TopLayer","RES_0402_HD","67.5835","41.0931","180","RES THICK FILM CHIP 0402 0R 0 100mW"
"R99","UBXH18-0003002","TopLayer","RES_0402_HD","67.5835","42.2675","180","RES THICK FILM CHIP 0402 0R 0 100mW"
"R98","UBXH18-0003002","TopLayer","RES_0402_HD","67.5611","43.0026","180","RES THICK FILM CHIP 0402 0R 0 100mW"
"R97","UBXH18-0003002","TopLayer","RES_0402_HD","67.5611","43.7972","180","RES THICK FILM CHIP 0402 0R 0 100mW"
"R86","UBXH18-0000005","TopLayer","RES_0402_HD","44.2620","30.6670","90","RES THICK FILM CHIP 0402 100K 1% 63mW"
"R80","UBXH18-0008017","TopLayer","RES_0402_1100Lx600Wx400H_500x600Pad_400G_FLX","44.0150","26.9390","0","RES THICK FILM CHIP 0402 47R 5% 100mW"
"R82","UBXH18-0008041","TopLayer","RES_0402_1100Lx600Wx400H_500x600Pad_400G_FLX","59.0800","31.0100","270","RES THICK FILM CHIP 0402 470R 5% 100mW"
"R85","UBXH18-0000005","TopLayer","RES_0402_HD","44.8564","32.5882","90","RES THICK FILM CHIP 0402 100K 1% 63mW"
"R84","UBXH18-0000005","TopLayer","RES_0402_HD","44.0234","32.5882","90","RES THICK FILM CHIP 0402 100K 1% 63mW"
"R78","UBXH18-0003001","TopLayer","RES_0603_1700Lx950Wx600H_600x1000Pad_800G_FLX","41.0270","27.4517","180","RES THICK FILM CHIP 0603 0R 0 100mW"
"R79","UBXH18-0003001","TopLayer","RES_0603_1700Lx950Wx600H_600x1000Pad_800G_FLX","39.6270","27.4517","180","RES THICK FILM CHIP 0603 0R 0 100mW"
"R54","UBXH18-0000005","TopLayer","RES_0402_HD","49.4429","33.0051","180","RES THICK FILM CHIP 0402 100K 1% 63mW"
"R53","UBXH18-0000005","TopLayer","RES_0402_HD","53.1081","34.2000","270","RES THICK FILM CHIP 0402 100K 1% 63mW"
"R50","UBXH18-0003002","TopLayer","RES_0402_1100Lx600Wx400H_500x600Pad_400G_FLX","70.5600","64.8400","0","RES THICK FILM CHIP 0402 0R 0 100mW"
"R49","UBXH18-0003002","TopLayer","RES_0402_1100Lx600Wx400H_500x600Pad_400G_FLX","71.0083","61.9800","270","RES THICK FILM CHIP 0402 0R 0 100mW"
"Q3","UBXH20-0000083","TopLayer","SOT-563","56.2500","31.2221","0","DUAL N-CHANNEL SMALL SIGNAL MOSFET SOT-563-6 PACKAGE"
"D16","UBXH11-0000018","TopLayer","LED_0603_1600Lx800Wx400H_600x800Pad_800G_FLX","58.0200","31.2700","270","LED CHIP 0603 LOW CURRENT OSRAM 0.002A GREEN 2.2V 2mA"
"C37","UBXH01-2021003","TopLayer","Cap_0402_1100Lx600Wx600H_600x600Pad_350G_FLX","50.1110","22.9280","0","CAP CER X5R 0402 1U0 10% 6.3V"
"C36","UBXH01-2021002","TopLayer","Cap_0402_HD","47.4440","23.3090","180","CAP CER X5R 0402 100N 10% 10V"
"C35","UBXH01-2002003","TopLayer","CAP_0603_1750Lx950Wx850H_600x1000Pad_900G_FLX","52.9420","22.0100","270","CAP CER X5R 0603 4U7 10% 6.3V"
"C34","UBXH01-2002003","TopLayer","CAP_0603_1750Lx950Wx850H_600x1000Pad_900G_FLX","54.1520","22.0130","270","CAP CER X5R 0603 4U7 10% 6.3V"
"C33","UBXH01-2021003","TopLayer","Cap_0402_1100Lx600Wx600H_600x600Pad_350G_FLX","49.7300","21.9120","0","CAP CER X5R 0402 1U0 10% 6.3V"
"C32","UBXH01-2021003","TopLayer","Cap_0402_1100Lx600Wx600H_600x600Pad_350G_FLX","51.5080","22.0390","270","CAP CER X5R 0402 1U0 10% 6.3V"
"C31","UBXH01-2021002","TopLayer","Cap_0402_HD","44.9090","22.5340","270","CAP CER X5R 0402 100N 10% 10V"
"C30","UBXH01-2021002","TopLayer","Cap_0402_HD","44.5340","25.0910","90","CAP CER X5R 0402 100N 10% 10V"
"C29","UBXH01-2021002","TopLayer","Cap_0402_HD","44.1420","27.7490","180","CAP CER X5R 0402 100N 10% 10V"
"C28","UBXH01-2021002","TopLayer","Cap_0402_HD","46.5550","32.5800","90","CAP CER X5R 0402 100N 10% 10V"
"C27","UBXH01-0023017","TopLayer","Cap_0402_1100Lx600Wx600H_600x600Pad_350G_FLX","43.2930","25.7240","180","CAP CER X7R 0402 2N2 10% 16V"
"C26","UBXH01-2021003","TopLayer","Cap_0402_1100Lx600Wx600H_600x600Pad_350G_FLX","46.1740","22.6740","270","CAP CER X5R 0402 1U0 10% 6.3V"
"C25","UBXH01-2021002","TopLayer","Cap_0402_HD","51.8922","32.9438","0","CAP CER X5R 0402 100N 10% 10V"
"C24","UBXH01-2021002","TopLayer","Cap_0402_HD","53.7940","30.5480","0","CAP CER X5R 0402 100N 10% 10V"
"C23","UBXH01-2021002","TopLayer","Cap_0402_HD","53.7940","27.8810","0","CAP CER X5R 0402 100N 10% 10V"
"C22","UBXH01-2021002","TopLayer","Cap_0402_HD","53.7940","24.8330","0","CAP CER X5R 0402 100N 10% 10V"
"C21","UBXH01-2021003","TopLayer","Cap_0402_1100Lx600Wx600H_600x600Pad_350G_FLX","47.8250","22.0390","270","CAP CER X5R 0402 1U0 10% 6.3V"
"C19","UBXH01-0000248","TopLayer","Cap_0402_HD","37.6800","26.1200","90","CAP CER X5R 0402 1U 10% 10V"
"TP36","TP10R","BottomLayer","TP12R","40.9490","22.2310","90","Testpoint, Round 1.0mm Dia"
"TP44","TP10R","BottomLayer","TP10R","58.7290","22.2310","90","Testpoint, Round 1.0mm Dia"
"TP121","TP10R","BottomLayer","TP12R","1.4000","14.4100","0","Testpoint, Round 1.0mm Dia"
"TP119","TP10R","BottomLayer","TP12R","1.4000","16.9500","0","Testpoint, Round 1.0mm Dia"
"TP117","TP10R","BottomLayer","TP12R","1.4000","19.4900","0","Testpoint, Round 1.0mm Dia"
"TP28","TP10R","BottomLayer","TP12R","68.6100","22.2310","90","Testpoint, Round 1.0mm Dia"
"TP26","TP10R","BottomLayer","TP12R","71.1500","22.2310","90","Testpoint, Round 1.0mm Dia"
"TP27","TP10R","BottomLayer","TP12R","78.7700","22.2310","90","Testpoint, Round 1.0mm Dia"
"TP29","TP10R","BottomLayer","TP12R","76.2300","22.2310","90","Testpoint, Round 1.0mm Dia"
"TP31","TP10R","BottomLayer","TP12R","81.3100","22.2310","90","Testpoint, Round 1.0mm Dia"
"TP30","TP10R","BottomLayer","TP12R","73.6900","22.2310","90","Testpoint, Round 1.0mm Dia"
"U17","UBXH13-0000149","TopLayer","SOIC-8W","66.5300","59.2690","90","MACRONIX MX25R6435FM2IL0 64MBIT SERIAL QUAD I/O SPI FLASH MEMORY 1.65 - 3.6V 8-SOP (200mil)"
"TP43","TP10R","BottomLayer","TP12R","28.8500","22.2310","90","Testpoint, Round 1.0mm Dia"
"TP37","TP10R","BottomLayer","TP12R","31.3900","22.2310","90","Testpoint, Round 1.0mm Dia"
"TP24","TP10R","BottomLayer","TP12R","83.8500","55.0000","90","Testpoint, Round 1.0mm Dia"
"TP25","TP10R","BottomLayer","TP12R","86.3900","55.0000","90","Testpoint, Round 1.0mm Dia"
"TP42","TP10R","BottomLayer","TP12R","83.8500","22.2310","90","Testpoint, Round 1.0mm Dia"
"TP59","TP10R","BottomLayer","TP12R","90.4000","42.3500","90","Testpoint, Round 1.0mm Dia"
"TP124","TP10R","BottomLayer","TP12R","9.6000","11.8700","90","Testpoint, Round 1.0mm Dia"
"TP123","TP10R","BottomLayer","TP12R","1.4000","11.8950","90","Testpoint, Round 1.0mm Dia"
"TP122","TP10R","BottomLayer","TP12R","9.6000","14.4100","90","Testpoint, Round 1.0mm Dia"
"TP120","TP10R","BottomLayer","TP12R","9.6000","16.9500","90","Testpoint, Round 1.0mm Dia"
"TP118","TP10R","BottomLayer","TP12R","9.6000","19.4900","90","Testpoint, Round 1.0mm Dia"
"TP116","TP10R","BottomLayer","TP12R","9.6000","22.0300","90","Testpoint, Round 1.0mm Dia"
"TP115","TP10R","BottomLayer","TP12R","1.4000","22.0300","90","Testpoint, Round 1.0mm Dia"
"TP114","TP10R","BottomLayer","TP12R","9.6000","27.1100","90","Testpoint, Round 1.0mm Dia"
"TP113","TP10R","BottomLayer","TP12R","9.6000","24.5700","90","Testpoint, Round 1.0mm Dia"
"TP112","TP10R","BottomLayer","TP12R","1.4000","24.5460","90","Testpoint, Round 1.0mm Dia"
"TP111","TP10R","BottomLayer","TP12R","1.4000","27.1100","90","Testpoint, Round 1.0mm Dia"
"TP110","TP10R","BottomLayer","TP12R","9.6000","29.6500","90","Testpoint, Round 1.0mm Dia"
"TP109","TP10R","BottomLayer","TP12R","1.4000","29.6500","90","Testpoint, Round 1.0mm Dia"
"TP108","TP10R","BottomLayer","TP12R","1.4000","60.1260","0","Testpoint, Round 1.0mm Dia"
"TP107","TP10R","BottomLayer","TP12R","9.6000","32.1560","0","Testpoint, Round 1.0mm Dia"
"TP106","TP10R","BottomLayer","TP12R","1.4000","32.1900","0","Testpoint, Round 1.0mm Dia"
"TP105","TP10R","BottomLayer","TP12R","9.6000","34.7300","0","Testpoint, Round 1.0mm Dia"
"TP104","TP10R","BottomLayer","TP12R","9.6000","37.2700","0","Testpoint, Round 1.0mm Dia"
"TP103","TP10R","BottomLayer","TP12R","1.4000","37.2700","0","Testpoint, Round 1.0mm Dia"
"TP102","TP10R","BottomLayer","TP12R","9.6000","39.8100","0","Testpoint, Round 1.0mm Dia"
"TP101","TP10R","BottomLayer","TP12R","1.4000","39.8550","0","Testpoint, Round 1.0mm Dia"
"TP100","TP10R","BottomLayer","TP12R","9.6000","42.3160","0","Testpoint, Round 1.0mm Dia"
"TP99","TP10R","BottomLayer","TP12R","1.4000","42.3500","0","Testpoint, Round 1.0mm Dia"
"TP98","TP10R","BottomLayer","TP12R","9.6000","44.8900","0","Testpoint, Round 1.0mm Dia"
"TP97","TP10R","BottomLayer","TP12R","1.4000","44.8900","0","Testpoint, Round 1.0mm Dia"
"TP96","TP10R","BottomLayer","TP12R","9.6000","49.9010","90","Testpoint, Round 1.0mm Dia"
"TP95","TP10R","BottomLayer","TP12R","9.6000","47.4470","90","Testpoint, Round 1.0mm Dia"
"TP94","TP10R","BottomLayer","TP12R","1.4000","47.4300","90","Testpoint, Round 1.0mm Dia"
"TP93","TP10R","BottomLayer","TP12R","1.4000","49.9700","90","Testpoint, Round 1.0mm Dia"
"TP92","TP10R","BottomLayer","TP12R","9.6000","52.5130","90","Testpoint, Round 1.0mm Dia"
"TP91","TP10R","BottomLayer","TP12R","1.4000","52.5100","90","Testpoint, Round 1.0mm Dia"
"TP90","TP10R","BottomLayer","TP12R","9.6000","55.0500","90","Testpoint, Round 1.0mm Dia"
"TP89","TP10R","BottomLayer","TP12R","1.4000","55.0500","90","Testpoint, Round 1.0mm Dia"
"TP88","TP10R","BottomLayer","TP12R","1.4000","34.7300","90","Testpoint, Round 1.0mm Dia"
"TP87","TP10R","BottomLayer","TP12R","9.6000","57.5850","90","Testpoint, Round 1.0mm Dia"
"TP86","TP10R","BottomLayer","TP12R","1.4000","57.5560","90","Testpoint, Round 1.0mm Dia"
"TP85","TP10R","BottomLayer","TP12R","9.6000","60.1300","90","Testpoint, Round 1.0mm Dia"
"TP84","TP10R","BottomLayer","TP12R","98.5750","11.8950","90","Testpoint, Round 1.0mm Dia"
"TP83","TP10R","BottomLayer","TP12R","90.4000","11.8700","90","Testpoint, Round 1.0mm Dia"
"TP82","TP10R","BottomLayer","TP12R","98.6000","14.3660","90","Testpoint, Round 1.0mm Dia"
"TP81","TP10R","BottomLayer","TP12R","90.4000","14.4400","90","Testpoint, Round 1.0mm Dia"
"TP80","TP10R","BottomLayer","TP12R","98.6000","16.9420","90","Testpoint, Round 1.0mm Dia"
"TP79","TP10R","BottomLayer","TP12R","90.4000","16.9500","90","Testpoint, Round 1.0mm Dia"
"TP78","TP10R","BottomLayer","TP12R","98.6000","19.4900","90","Testpoint, Round 1.0mm Dia"
"TP77","TP10R","BottomLayer","TP12R","90.4000","19.4900","90","Testpoint, Round 1.0mm Dia"
"TP76","TP10R","BottomLayer","TP12R","98.6000","22.0980","90","Testpoint, Round 1.0mm Dia"
"TP75","TP10R","BottomLayer","TP12R","90.4000","22.0300","90","Testpoint, Round 1.0mm Dia"
"TP74","TP10R","BottomLayer","TP12R","98.6000","27.1740","90","Testpoint, Round 1.0mm Dia"
"TP73","TP10R","BottomLayer","TP12R","98.6000","24.5360","90","Testpoint, Round 1.0mm Dia"
"TP72","TP10R","BottomLayer","TP12R","90.4000","24.5650","90","Testpoint, Round 1.0mm Dia"
"TP71","TP10R","BottomLayer","TP12R","90.4000","27.1100","90","Testpoint, Round 1.0mm Dia"
"TP70","TP10R","BottomLayer","TP12R","98.6000","29.5920","90","Testpoint, Round 1.0mm Dia"
"TP69","TP10R","BottomLayer","TP12R","90.4000","29.6500","90","Testpoint, Round 1.0mm Dia"
"TP68","TP10R","BottomLayer","TP12R","90.4000","34.7300","90","Testpoint, Round 1.0mm Dia"
"TP67","TP10R","BottomLayer","TP12R","98.6000","32.1900","90","Testpoint, Round 1.0mm Dia"
"TP66","TP10R","BottomLayer","TP12R","90.4000","32.1900","90","Testpoint, Round 1.0mm Dia"
"TP65","TP10R","BottomLayer","TP12R","98.6000","34.7300","90","Testpoint, Round 1.0mm Dia"
"TP64","TP10R","BottomLayer","TP12R","98.6000","37.2700","90","Testpoint, Round 1.0mm Dia"
"TP63","TP10R","BottomLayer","TP12R","90.4000","37.2460","90","Testpoint, Round 1.0mm Dia"
"TP62","TP10R","BottomLayer","TP12R","98.6000","39.8420","90","Testpoint, Round 1.0mm Dia"
"TP61","TP10R","BottomLayer","TP12R","90.4000","39.8100","90","Testpoint, Round 1.0mm Dia"
"TP60","TP10R","BottomLayer","TP12R","98.6000","42.3500","90","Testpoint, Round 1.0mm Dia"
"TP58","TP10R","BottomLayer","TP12R","98.6000","44.8900","90","Testpoint, Round 1.0mm Dia"
"TP57","TP10R","BottomLayer","TP12R","90.4000","44.8780","90","Testpoint, Round 1.0mm Dia"
"TP56","TP10R","BottomLayer","TP12R","98.6000","49.9700","90","Testpoint, Round 1.0mm Dia"
"TP55","TP10R","BottomLayer","TP12R","98.6000","47.4300","90","Testpoint, Round 1.0mm Dia"
"TP54","TP10R","BottomLayer","TP12R","90.4000","47.4300","90","Testpoint, Round 1.0mm Dia"
"TP53","TP10R","BottomLayer","TP12R","90.4000","49.9700","90","Testpoint, Round 1.0mm Dia"
"TP52","TP10R","BottomLayer","TP12R","98.6000","52.5100","90","Testpoint, Round 1.0mm Dia"
"TP51","TP10R","BottomLayer","TP12R","90.4000","52.5100","90","Testpoint, Round 1.0mm Dia"
"TP50","TP10R","BottomLayer","TP12R","98.6000","55.0500","90","Testpoint, Round 1.0mm Dia"
"TP49","TP10R","BottomLayer","TP12R","90.4000","55.0500","90","Testpoint, Round 1.0mm Dia"
"TP48","TP10R","BottomLayer","TP12R","90.4000","60.1300","90","Testpoint, Round 1.0mm Dia"
"TP47","TP10R","BottomLayer","TP12R","98.6000","57.5900","90","Testpoint, Round 1.0mm Dia"
"TP46","TP10R","BottomLayer","TP12R","90.4000","57.5900","90","Testpoint, Round 1.0mm Dia"
"TP45","TP10R","BottomLayer","TP12R","98.6000","60.1300","90","Testpoint, Round 1.0mm Dia"
"X1","UBXH21-0008104","TopLayer","XTAL_3215","49.9314","51.1220","0","CRYSTAL CL=9PF EPSON FC-135 NI/SN TERMINATION 32.768KHz"
"R2","UBXH18-0003002","TopLayer","RES_0402_HD","53.8950","53.5092","180","RES THICK FILM CHIP 0402 0R 0 100mW"
"J10","TC2050-IDC-NL","BottomLayer","TC2050-IDC-NL","19.1290","34.1380","0","CON PADS FOR CBL PLUG-OF-NAILS 10-PIN NO LEGS"
"R28","UBXH18-0003002","TopLayer","RES_0402_HD","38.4430","62.5012","180","RES THICK FILM CHIP 0402 0R 0 100mW"
"R27","UBXH18-0003002","TopLayer","RES_0402_HD","38.4430","63.3394","180","RES THICK FILM CHIP 0402 0R 0 100mW"
"TP1","TP10R","BottomLayer","TP10R","43.4890","22.2310","90","Testpoint, Round 1.0mm Dia"
"TP13","TP10R","BottomLayer","TP12R","18.6900","55.0000","90","Testpoint, Round 1.0mm Dia"
"TP11","TP10R","BottomLayer","TP12R","16.1500","55.0000","90","Testpoint, Round 1.0mm Dia"
"TP10","TP10R","BottomLayer","TP12R","13.6100","55.0000","180","Testpoint, Round 1.0mm Dia"
"TP39","TP10R","BottomLayer","TP12R","86.3900","22.2310","90","Testpoint, Round 1.0mm Dia"
"TP33","TP10R","BottomLayer","TP12R","23.7700","22.2310","90","Testpoint, Round 1.0mm Dia"
"TP40","TP10R","BottomLayer","TP12R","16.1500","22.2310","90","Testpoint, Round 1.0mm Dia"
"TP41","TP10R","BottomLayer","TP12R","26.3100","22.2310","90","Testpoint, Round 1.0mm Dia"
"TP35","TP10R","BottomLayer","TP12R","21.2300","22.2310","90","Testpoint, Round 1.0mm Dia"
"TP19","TP10R","BottomLayer","TP12R","71.1500","55.0000","90","Testpoint, Round 1.0mm Dia"
"J2","UBXH04-0000785","TopLayer","USB4105-GF-A","61.9460","4.9185","0","CONN RCP USB2.0 TYP C 24P SMD RA 20V 6.25A"
"R73","UBXH18-0003002","TopLayer","RES_0402_HD","76.6255","54.6400","180","RES THICK FILM CHIP 0402 0R 0 100mW"
"R76","UBXH18-0003002","TopLayer","RES_0402_HD","79.5237","56.2942","180","RES THICK FILM CHIP 0402 0R 0 100mW"
"R70","UBXH18-0003002","TopLayer","RES_0402_HD","79.5237","57.1518","180","RES THICK FILM CHIP 0402 0R 0 100mW"
"J17","130-00102","TopLayer","SKT-0.1P-SSM-108-L-SV","77.4460","27.0810","180","Socket Strip 0.1" 8 Pin 1Row SMD Black"
"C12","120-00016","TopLayer","Cap_0402_HD","66.6622","8.4675","180","Cap, Ceramic 0.1uF 10V 10% X5R 0402"
"D15","110-00019","TopLayer","SOD-923","85.5800","8.9806","0","ESD9B3.3ST5G"
"SW1","UBXH19-0000050","TopLayer","SW_Slide_DPDT_JS202011SCQN","73.9460","4.8940","270","2 WAY ON-ON SUB-MINIATURE SLIDE SWITCH SMD JS SERIES"
"TP21","TP10R","BottomLayer","TP12R","73.6900","55.0000","90","Testpoint, Round 1.0mm Dia"
"R179","UBXH18-0003002","TopLayer","RES_0402_HD","34.4980","56.6870","270","RES THICK FILM CHIP 0402 0R 0 100mW"
"R178","UBXH18-0003002","TopLayer","RES_0402_HD","32.7050","56.6870","270","RES THICK FILM CHIP 0402 0R 0 100mW"
"R177","UBXH18-0007081","TopLayer","RES_0603_1700Lx950Wx600H_600x1000Pad_800G_FLX","32.9460","61.3430","180","RES THICK FILM CHIP 0603 2K2 5% 100mW"
"R176","UBXH18-0007081","TopLayer","RES_0603_1700Lx950Wx600H_600x1000Pad_800G_FLX","35.4060","61.3430","0","RES THICK FILM CHIP 0603 2K2 5% 100mW"
"J14","UBXH04-0000797","TopLayer","SM04B-SRSS-TB","35.2040","66.0755","180","CONN JST SH SERIES SMT 4 POS MALE 1MM RA 50V 1A"
"J20","130-00102","TopLayer","SKT-0.1P-SSM-108-L-SV","22.4460","49.9410","0","Socket Strip 0.1" 8 Pin 1Row SMD Black"
"J19","130-00102","TopLayer","SKT-0.1P-SSM-108-L-SV","22.4460","27.0810","0","Socket Strip 0.1" 8 Pin 1Row SMD Black"
"J18","130-00102","TopLayer","SKT-0.1P-SSM-108-L-SV","77.4460","49.9410","180","Socket Strip 0.1" 8 Pin 1Row SMD Black"
"C51","120-00016","TopLayer","Cap_0402_HD","28.4360","30.6070","180","Cap, Ceramic 0.1uF 10V 10% X5R 0402"
"C50","120-00016","TopLayer","Cap_0402_HD","29.1338","46.6852","0","Cap, Ceramic 0.1uF 10V 10% X5R 0402"
"C49","120-00016","TopLayer","Cap_0402_HD","71.2910","23.6570","0","Cap, Ceramic 0.1uF 10V 10% X5R 0402"
"C48","120-00016","TopLayer","Cap_0402_HD","70.7898","53.1876","180","Cap, Ceramic 0.1uF 10V 10% X5R 0402"
"R45","UBXH18-0003002","TopLayer","RES_0402_HD","68.8679","17.8562","270","RES THICK FILM CHIP 0402 0R 0 100mW"
"R44","UBXH18-0003002","TopLayer","RES_0402_HD","68.8679","16.1370","270","RES THICK FILM CHIP 0402 0R 0 100mW"
"U7","UBXH06-0000120","TopLayer","SOP65P400X110-8N","85.6544","55.8168","0","Non-inverting Buffers & Line Drivers 3 Channels /SOT505/TSSOP8 1.65V to 5.5V"
"R153","UBXH18-0003002","TopLayer","RES_0402_HD","59.6667","12.5972","0","RES THICK FILM CHIP 0402 0R 0 100mW"
"R170","UBXH18-0003002","TopLayer","RES_0402_HD","58.4467","41.8300","270","RES THICK FILM CHIP 0402 0R 0 100mW"
"R169","UBXH18-0003002","TopLayer","RES_0402_HD","57.2400","41.8300","270","RES THICK FILM CHIP 0402 0R 0 100mW"
"R46","UBXH18-0003001","TopLayer","RES_0603_1700Lx950Wx600H_600x1000Pad_800G_FLX","40.0304","34.1122","0","RES THICK FILM CHIP 0603 0R 0 100mW"
"D19","UBXH11-0000018","TopLayer","LED_0603_1600Lx800Wx400H_600x800Pad_800G_FLX","89.1508","1.7444","180","LED CHIP 0603 LOW CURRENT OSRAM 0.002A GREEN 2.2V 2mA"
"D21","110-00019","TopLayer","SOD-923","79.5000","60.4270","90","ESD9B3.3ST5G"
"D17","110-00019","TopLayer","SOD-923","79.5270","66.2940","90","ESD9B3.3ST5G"
"D8","UBXH07-0000034","TopLayer","SOD-923","29.5338","21.0480","0","ESD PROTECTION DIODE ULTRA LOW LEAKAGE SOD923 ON SEMI 3V3"
"C63","UBXH01-0000594","TopLayer","Cap_0402_HD","10.9470","64.2228","180","CAP CER C0G 0402 300P 50V"
"C62","UBXH01-0000594","TopLayer","Cap_0402_HD","12.7250","64.2228","180","CAP CER C0G 0402 300P 50V"
"C3","UBXH01-2021002","TopLayer","Cap_0402_HD","38.4690","59.5136","0","CAP CER X5R 0402 100N 10% 10V"
"BAT1","UBXH03-0000009","TopLayer","3034","23.2278","10.5664","0","BATTERY HOLDER COIN SMT CR2020 CR2025 CR2032 KEYSTONE 3034"
"R37","UBXH18-0003001","TopLayer","RES_0603_1700Lx950Wx600H_600x1000Pad_800G_FLX","33.8582","18.4404","90","RES THICK FILM CHIP 0603 0R 0 100mW"
"X3","UBXH21-0000066","TopLayer","XTAL_2016_HD","58.0612","16.1462","90","CRYSTAL CL=8PF EPSON 2.0X1.6MM 24.000MHZ 30PPM"
"U6","UBXH06-0000120","TopLayer","SOP65P400X110-8N","82.6756","40.2320","180","Non-inverting Buffers & Line Drivers 3 Channels /SOT505/TSSOP8 1.65V to 5.5V"
"U5","UBXH06-0000120","TopLayer","SOP65P400X110-8N","82.6756","36.5490","180","Non-inverting Buffers & Line Drivers 3 Channels /SOT505/TSSOP8 1.65V to 5.5V"
"U15","UBXH10-0000054","TopLayer","QFN_5x5_FT231XQ","41.0460","15.8160","90","FTDI USB TO SERIAL FULL UART INTERFACE QFN20"
"U14","","TopLayer","QFN50P400X400X100-25N-D","53.8956","14.8762","270","Integrated Circuit"
"U3","UBXH43-0000003","TopLayer","DFN0.65P-6Pin_W-Pad","71.0865","16.5010","90","LDO REGULATOR 3.3V,LOW Iq, WDFNW6 2x2 MM, 0.65P PACKAGE 1200 mA"
"U2","UBXH43-0000004","TopLayer","DFN0.65P-6Pin_W-Pad","80.0458","16.5008","90","LDO REGULATOR 1.8V,LOW Iq, WDFNW6 2x2 MM PACKAGE 1200 mA"
"U1","NORA","TopLayer","NORA_LGA82R_1430X1040X180_ANT","49.9360","62.5310","90","u-blox NORA module generic symbol for use within module designs - alternate version"
"TP32","TP10R","BottomLayer","TP12R","18.6900","22.2310","90","Testpoint, Round 1.0mm Dia"
"TP34","TP10R","BottomLayer","TP12R","13.6100","22.2310","90","Testpoint, Round 1.0mm Dia"
"TP23","TP10R","BottomLayer","TP12R","81.3100","55.0000","90","Testpoint, Round 1.0mm Dia"
"TP20","TP10R","BottomLayer","TP12R","78.7700","55.0000","90","Testpoint, Round 1.0mm Dia"
"TP22","TP10R","BottomLayer","TP12R","76.2300","55.0000","90","Testpoint, Round 1.0mm Dia"
"TP18","TP10R","BottomLayer","TP12R","68.6100","55.0000","90","Testpoint, Round 1.0mm Dia"
"TP16","TP10R","BottomLayer","TP12R","31.3900","55.0000","90","Testpoint, Round 1.0mm Dia"
"TP17","TP10R","BottomLayer","TP12R","28.8500","55.0000","90","Testpoint, Round 1.0mm Dia"
"TP14","TP10R","BottomLayer","TP12R","26.3100","55.0000","90","Testpoint, Round 1.0mm Dia"
"TP15","TP10R","BottomLayer","TP12R","23.7700","55.0000","90","Testpoint, Round 1.0mm Dia"
"TP12","TP10R","BottomLayer","TP12R","21.2300","55.0000","90","Testpoint, Round 1.0mm Dia"
"TP5","TP10R","BottomLayer","TP12R","62.9920","7.4930","90","Testpoint, Round 1.0mm Dia"
"TP4","TP10R","BottomLayer","TP12R","61.2140","7.4930","90","Testpoint, Round 1.0mm Dia"
"SWITCH_4","","TopLayer","PTS810SJG250SMTRLFS","82.6770","60.3750","180","Switch"
"SWITCH_5","","TopLayer","PTS810SJG250SMTRLFS","83.3850","4.8178","270","Switch"
"SWITCH_2","","TopLayer","PTS810SJG250SMTRLFS","82.6770","66.2940","180","Switch"
"RGB1","115-00026","TopLayer","LED_1616","88.8048","64.9766","0","LED RGB SMT 0606"
"R77","UBXH18-0008041","TopLayer","RES_0402_1100Lx600Wx400H_500x600Pad_400G_FLX","89.1254","2.7350","0","RES THICK FILM CHIP 0402 470R 5% 100mW"
"R75","UBXH18-0000216","TopLayer","RES_0402_1100Lx600Wx400H_500x600Pad_400G_FLX","89.6835","62.9291","180","RES THICK FILM CHIP 0402 360R 1% 63mW"
"R72","UBXH18-0008041","TopLayer","RES_0402_1100Lx600Wx400H_500x600Pad_400G_FLX","88.7980","66.9716","0","RES THICK FILM CHIP 0402 470R 5% 100mW"
"R71","UBXH18-0008046","TopLayer","RES_0402_1100Lx600Wx400H_500x600Pad_400G_FLX","87.1978","65.2698","90","RES THICK FILM CHIP 0402 750R 5% 100mW"
"R65","UBXH18-0003002","TopLayer","RES_0402_HD","86.2455","41.6457","0","RES THICK FILM CHIP 0402 0R 0 100mW"
"R63","UBXH18-0003002","TopLayer","RES_0402_HD","86.2455","40.3757","0","RES THICK FILM CHIP 0402 0R 0 100mW"
"R62","UBXH18-0003002","TopLayer","RES_0402_HD","86.2455","39.1057","0","RES THICK FILM CHIP 0402 0R 0 100mW"
"R60","UBXH18-0003002","TopLayer","RES_0402_HD","86.2455","37.8357","0","RES THICK FILM CHIP 0402 0R 0 100mW"
"R58","UBXH18-0003002","TopLayer","RES_0402_HD","86.2455","36.5657","0","RES THICK FILM CHIP 0402 0R 0 100mW"
"R57","UBXH18-0003002","TopLayer","RES_0402_HD","86.2455","34.7957","0","RES THICK FILM CHIP 0402 0R 0 100mW"
"R68","UBXH18-0008041","TopLayer","RES_0402_1100Lx600Wx400H_500x600Pad_400G_FLX","78.6312","41.4878","180","RES THICK FILM CHIP 0402 470R 5% 100mW"
"R67","UBXH18-0008041","TopLayer","RES_0402_1100Lx600Wx400H_500x600Pad_400G_FLX","78.6312","40.5988","180","RES THICK FILM CHIP 0402 470R 5% 100mW"
"R154","UBXH18-0003002","TopLayer","RES_0402_HD","59.6667","13.4665","0","RES THICK FILM CHIP 0402 0R 0 100mW"
"R66","UBXH18-0008041","TopLayer","RES_0402_1100Lx600Wx400H_500x600Pad_400G_FLX","78.6312","39.7098","180","RES THICK FILM CHIP 0402 470R 5% 100mW"
"R64","UBXH18-0008041","TopLayer","RES_0402_1100Lx600Wx400H_500x600Pad_400G_FLX","78.6312","37.6778","180","RES THICK FILM CHIP 0402 470R 5% 100mW"
"R61","UBXH18-0008041","TopLayer","RES_0402_1100Lx600Wx400H_500x600Pad_400G_FLX","78.6312","36.7888","180","RES THICK FILM CHIP 0402 470R 5% 100mW"
"R59","UBXH18-0008041","TopLayer","RES_0402_1100Lx600Wx400H_500x600Pad_400G_FLX","78.6312","35.8998","180","RES THICK FILM CHIP 0402 470R 5% 100mW"
"R159","UBXH18-0003002","TopLayer","RES_0402_1100Lx600Wx400H_500x600Pad_400G_FLX","37.9379","19.4404","90","RES THICK FILM CHIP 0402 0R 0 100mW"
"R158","UBXH18-0003002","TopLayer","RES_0402_1100Lx600Wx400H_500x600Pad_400G_FLX","39.6304","19.4404","90","RES THICK FILM CHIP 0402 0R 0 100mW"
"R157","UBXH18-0000133","TopLayer","RES_0402_1100Lx600Wx400H_500x600Pad_400G_FLX","57.7860","18.3240","180","RES THICK FILM CHIP 0402 12K 1% 62.5mW"
"R156","UBXH18-0003002","TopLayer","RES_0402_HD","44.3988","19.3974","90","RES THICK FILM CHIP 0402 0R 0 100mW"
"R155","UBXH18-0003002","TopLayer","RES_0402_HD","45.3132","19.3974","90","RES THICK FILM CHIP 0402 0R 0 100mW"
"R152","UBXH18-0000005","TopLayer","RES_0402_HD","55.4704","10.8884","90","RES THICK FILM CHIP 0402 100K 1% 63mW"
"R151","UBXH18-0000005","TopLayer","RES_0402_HD","50.3555","12.1825","180","RES THICK FILM CHIP 0402 100K 1% 63mW"
"R150","UBXH18-0000005","TopLayer","RES_0402_HD","53.6670","10.8884","90","RES THICK FILM CHIP 0402 100K 1% 63mW"
"R149","UBXH18-0000005","TopLayer","RES_0402_HD","49.6902","13.6398","90","RES THICK FILM CHIP 0402 100K 1% 63mW"
"R148","UBXH18-0000005","TopLayer","RES_0402_HD","54.5306","10.8884","270","RES THICK FILM CHIP 0402 100K 1% 63mW"
"R147","UBXH18-0000065","TopLayer","RES_0402_HD","52.6792","10.8884","270","RES THICK FILM CHIP 0402 10K 1% 63mW"
"R142","UBXH18-0003002","TopLayer","RES_0402_HD","49.3014","44.3561","90","RES THICK FILM CHIP 0402 0R 0 100mW"
"R141","UBXH18-0003002","TopLayer","RES_0402_HD","48.0314","44.3561","90","RES THICK FILM CHIP 0402 0R 0 100mW"
"R140","UBXH18-0003002","TopLayer","RES_0402_HD","46.7614","44.3561","90","RES THICK FILM CHIP 0402 0R 0 100mW"
"R139","UBXH18-0003002","TopLayer","RES_0402_HD","45.4914","44.3561","90","RES THICK FILM CHIP 0402 0R 0 100mW"
"R138","UBXH18-0003002","TopLayer","RES_0402_HD","50.5710","44.3560","90","RES THICK FILM CHIP 0402 0R 0 100mW"
"R137","UBXH18-0003002","TopLayer","RES_0402_HD","51.8410","44.3560","90","RES THICK FILM CHIP 0402 0R 0 100mW"
"R182","UBXH18-0003002","TopLayer","RES_0402_HD","62.8904","65.7352","0","RES THICK FILM CHIP 0402 0R 0 100mW"
"R43","UBXH18-0000005","TopLayer","RES_0402_HD","70.3326","18.2374","0","RES THICK FILM CHIP 0402 100K 1% 63mW"
"R41","UBXH18-0003001","TopLayer","RES_0603_1700Lx950Wx600H_600x1000Pad_800G_FLX","73.5663","12.4460","90","RES THICK FILM CHIP 0603 0R 0 100mW"
"R35","UBXH18-0003002","TopLayer","RES_0402_HD","73.3046","16.1370","270","RES THICK FILM CHIP 0402 0R 0 100mW"
"R34","UBXH18-0003002","TopLayer","RES_0402_HD","77.8256","17.8562","270","RES THICK FILM CHIP 0402 0R 0 100mW"
"R33","UBXH18-0003002","TopLayer","RES_0402_HD","83.2612","16.1290","90","RES THICK FILM CHIP 0402 0R 0 100mW"
"R32","UBXH18-0003002","TopLayer","RES_0402_HD","82.2670","16.1370","270","RES THICK FILM CHIP 0402 0R 0 100mW"
"R31","UBXH18-0000005","TopLayer","RES_0402_HD","79.3129","18.2374","0","RES THICK FILM CHIP 0402 100K 1% 63mW"
"R30","UBXH18-0003002","TopLayer","RES_0402_HD","77.8312","16.1370","270","RES THICK FILM CHIP 0402 0R 0 100mW"
"R29","UBXH18-0003001","TopLayer","RES_0603_1700Lx950Wx600H_600x1000Pad_800G_FLX","82.5246","12.4460","90","RES THICK FILM CHIP 0603 0R 0 100mW"
"R19","UBXH18-0003002","TopLayer","RES_0402_HD","58.2572","51.3646","0","RES THICK FILM CHIP 0402 0R 0 100mW"
"R42","180-00024","TopLayer","RES_0402_HD","66.6600","9.3100","0","Resistor 10k ohm 1% 1/16W, 0402"
"R40","UBXH18-0008066","TopLayer","RES_0402_HD","56.3909","3.5743","90","RES THICK FILM CHIP 0402 5K1 5% 100mW"
"R39","UBXH18-0008066","TopLayer","RES_0402_HD","67.4662","4.2030","90","RES THICK FILM CHIP 0402 5K1 5% 100mW"
"R15","UBXH18-0003002","TopLayer","RES_0402_HD","60.8940","62.9336","0","RES THICK FILM CHIP 0402 0R 0 100mW"
"R14","UBXH18-0003002","TopLayer","RES_0402_1100Lx600Wx400H_500x600Pad_400G_FLX","58.2462","52.2496","0","RES THICK FILM CHIP 0402 0R 0 100mW"
"R21","UBXH18-0003002","TopLayer","RES_0402_1100Lx600Wx400H_500x600Pad_400G_FLX","50.8210","53.4330","180","RES THICK FILM CHIP 0402 0R 0 100mW"
"R26","UBXH18-0003002","TopLayer","RES_0402_1100Lx600Wx400H_500x600Pad_400G_FLX","49.0180","53.4330","0","RES THICK FILM CHIP 0402 0R 0 100mW"
"R6","UBXH18-0003002","TopLayer","RES_0402_HD","62.0750","55.2836","180","RES THICK FILM CHIP 0402 0R 0 100mW"
"R1","UBXH18-0003002","TopLayer","RES_0402_HD","58.2572","53.1976","180","RES THICK FILM CHIP 0402 0R 0 100mW"
"R25","UBXH18-0003002","TopLayer","RES_0402_HD","49.4950","53.0290","90","RES THICK FILM CHIP 0402 0R 0 100mW"
"R20","UBXH18-0003002","TopLayer","RES_0402_HD","50.3480","53.0290","90","RES THICK FILM CHIP 0402 0R 0 100mW"
"J12","UBXH04-0000798","TopLayer","AVX/Kyocera_-_046284005001846","11.8360","66.6090","180","0.50MM PITCH SMD RA FFC FPC CONN 5 -PIN 50V 400mA"
"J13","TC2050-IDC-NL","BottomLayer","TC2050-IDC-NL","19.1540","43.0020","0","CON PADS FOR CBL PLUG-OF-NAILS 10-PIN NO LEGS"
"J9","130-00099","TopLayer","HDR.050P-10Pin-2x5-SMT_Key","18.8214","38.6588","0","Header 0.05" 10Pin 2Row SMD Black"
"J3","UBXH04-0000792","TopLayer","HDR-0.1P-3Pin-1Row-SMT","42.9514","37.6940","0","1-ROW SMD CONN 100MIL GRID 3 -PIN 100V 3A"
"J6","UBXH04-0000792","TopLayer","HDR-0.1P-3Pin-1Row-SMT","57.6072","37.6940","0","1-ROW SMD CONN 100MIL GRID 3 -PIN 100V 3A"
"J1","130-00067","TopLayer","U.FL_3Pin","42.4042","65.9810","90","U.FL jack, SMA 50 ohm, 3 pin, SMT"
"FID6","FID","TopLayer","FIDUCIAL40","-60.7195","-101.5594","90","Fiducial, 0.040" inner Dia, 0.075" outer Dia"
"FID5","FID","BottomLayer","FIDUCIAL40","-60.7195","-101.5594","90","Fiducial, 0.040" inner Dia, 0.075" outer Dia"
"FID4","FID","TopLayer","FIDUCIAL40","-60.7195","-101.5594","90","Fiducial, 0.040" inner Dia, 0.075" outer Dia"
"FID3","FID","BottomLayer","FIDUCIAL40","-60.7195","-101.5594","90","Fiducial, 0.040" inner Dia, 0.075" outer Dia"
"FID2","FID","TopLayer","FIDUCIAL40","-60.7195","-101.5594","90","Fiducial, 0.040" inner Dia, 0.075" outer Dia"
"FID1","FID","BottomLayer","FIDUCIAL40","-60.7195","-101.5594","90","Fiducial, 0.040" inner Dia, 0.075" outer Dia"
"F2","UBXH08-0000001","TopLayer","IND_0603_1750Lx950Wx1050H_600x800Pad_800G_FLX","43.3320","19.4990","270","FERRITE BEAD 0603 600 OHM AT 100MHZ 600OHM 500mA"
"F1","UBXH08-0000001","TopLayer","IND_0603_1750Lx950Wx1050H_600x800Pad_800G_FLX","65.7260","10.8700","90","FERRITE BEAD 0603 600 OHM AT 100MHZ 600OHM 500mA"
"D13","UBXH11-0000057","TopLayer","LED_0603_YELLOW","74.3500","40.3860","180","DIODE LED SMT YELLOW CLEAR LENS 2.1V 10MA 0603 YELLOW"
"D14","UBXH11-0000001","TopLayer","LED_0603_GREEN","74.3500","41.6560","180","LED SMD 0603 GREEN 2.5V 20mA"
"D11","UBXH11-0000057","TopLayer","LED_0603_YELLOW","74.3500","37.8460","180","DIODE LED SMT YELLOW CLEAR LENS 2.1V 10MA 0603 YELLOW"
"D12","UBXH11-0000001","TopLayer","LED_0603_GREEN","74.3500","39.1160","180","LED SMD 0603 GREEN 2.5V 20mA"
"D9","UBXH11-0000057","TopLayer","LED_0603_YELLOW","74.3500","35.4330","180","DIODE LED SMT YELLOW CLEAR LENS 2.1V 10MA 0603 YELLOW"
"D10","UBXH11-0000001","TopLayer","LED_0603_GREEN","74.3500","36.7032","180","LED SMD 0603 GREEN 2.5V 20mA"
"D4","110-00018","TopLayer","SOT-553","63.9825","10.9926","90","LOW-CAPACITANCE 3-CHANNEL ESD-PROTECTION ARRAY"
"D3","110-00005","TopLayer","SOD-123F_U","68.6530","7.5610","90","Diode, Schottky, 20V 1A SOD-123F, 340mV Vf @ 1A
MBR120VLSFT3G"
"D1","110-00005","TopLayer","SOD-123F_U","86.5120","16.6370","90","Diode, Schottky, 20V 1A SOD-123F, 340mV Vf @ 1A
MBR120VLSFT3G"
"C60","120-00016","TopLayer","Cap_0402_HD","44.0940","17.3400","90","Cap, Ceramic 0.1uF 10V 10% X5R 0402"
"C61","120-00016","TopLayer","Cap_0402_HD","56.1280","18.2860","90","Cap, Ceramic 0.1uF 10V 10% X5R 0402"
"C53","UBXH01-0000243","TopLayer","Cap_0402_HD","42.3160","19.4990","90","CAP CER X5R 0402 4U7 20% 10V"
"C55","120-00016","TopLayer","Cap_0402_HD","41.4270","19.4990","90","Cap, Ceramic 0.1uF 10V 10% X5R 0402"
"C54","120-00016","TopLayer","Cap_0402_HD","40.5380","19.4990","90","Cap, Ceramic 0.1uF 10V 10% X5R 0402"
"C59","UBXH01-0013002","TopLayer","Cap_0201_HD","57.8326","17.6194","0","CAP CER C0G 0201 8P2 +/-0.5P 25V"
"C58","UBXH01-0013002","TopLayer","Cap_0201_HD","59.4328","15.7398","90","CAP CER C0G 0201 8P2 +/-0.5P 25V"
"C57","UBXH01-0000248","TopLayer","Cap_0402_HD","50.5506","14.2158","270","CAP CER X5R 0402 1U 10% 10V"
"C56","UBXH01-0000248","TopLayer","Cap_0402_HD","50.7234","15.8160","90","CAP CER X5R 0402 1U 10% 10V"
"C52","120-00016","TopLayer","Cap_0402_HD","56.4102","11.3710","270","Cap, Ceramic 0.1uF 10V 10% X5R 0402"
"C67","UBXH01-0000243","TopLayer","Cap_0402_HD","62.9412","64.0334","0","CAP CER X5R 0402 4U7 20% 10V"
"C66","120-00016","TopLayer","Cap_0402_HD","62.9412","64.8716","0","Cap, Ceramic 0.1uF 10V 10% X5R 0402"
"C8","120-00016","TopLayer","Cap_0402_HD","65.8200","12.7500","270","Cap, Ceramic 0.1uF 10V 10% X5R 0402"
"C15","UBXH01-0000013","TopLayer","Cap_0402_HD","73.3050","17.9320","270","CAP CER X7R 0402 1N0 10% 50V"
"C14","UBXH01-0000013","TopLayer","Cap_0402_HD","82.2706","17.9324","90","CAP CER X7R 0402 1N0 10% 50V"
"C7","UBXH01-0000310","TopLayer","CAP_0603_1750Lx950Wx850H_600x1000Pad_900G_FLX","79.3242","13.7050","0","CAP CER X7R 0603 10U 20% 10V"
"C6","UBXH01-0000310","TopLayer","CAP_0603_1750Lx950Wx850H_600x1000Pad_900G_FLX","81.7220","14.6007","180","CAP CER X7R 0603 10U 20% 10V"
"C5","UBXH01-0004017","TopLayer","Cap_0402_1100Lx600Wx600H_600x600Pad_350G_FLX","47.4468","51.1474","270","CAP CER C0G 0402 18P 5% 25V"
"C4","UBXH01-0004017","TopLayer","Cap_0402_1100Lx600Wx600H_600x600Pad_350G_FLX","52.3998","51.1728","270","CAP CER C0G 0402 18P 5% 25V"
"C2","UBXH01-0000243","TopLayer","Cap_0402_HD","47.4472","54.5084","0","CAP CER X5R 0402 4U7 20% 10V"
"C1","UBXH01-0000243","TopLayer","Cap_0402_HD","45.3644","54.5084","180","CAP CER X5R 0402 4U7 20% 10V"
